{"subtitle": "There is no large Harvard sign but this is considered the official entrance", "title": "Johnston Gate", "photo": "http://184.106.203.158/drupal/sites/default/files/photos/johnston_gate-main.jpg", "lon": -71.118583999999998, "thumbnail": "http://184.106.203.158/drupal/sites/default/files/photos/johnston_gate-thumb.jpg", "lat": 42.374713999999997, "id": "3", "lenses": {"info": [{"url": "http://184.106.203.158/drupal/sites/default/files/photos/johnston_gate-main_0.jpg", "type": "photo", "title": ""}, {"html": "<p>Harvard has traditionally welcomed its guests through the Johnston Gate, which was completed in 1889 and is Harvard's first gate. The gate is the most prominent of a series of gates that enclose Harvard Yard. Each of the gates around the Yard was either donated by a graduating class, conveys a special note of wisdom, or serves as a memorial to a member the Harvard community. The brick walls of the Yard are a \u201crecent\u201d appearance, completed only in 1901.</p>", "type": "html"}], "insideout": [{"slides": [{"url": "http://184.106.203.158/drupal/sites/default/files/photos/johnston_gate-vertical.jpg", "type": "photo", "title": "Merlin #111251"}, {"url": "http://184.106.203.158/drupal/sites/default/files/photos/johnston_gate-closed.jpg", "type": "photo", "title": "Merlin #168305"}], "type": "slideshow"}], "history": [{"url": "http://184.106.203.158/drupal/sites/default/files/video/johnston_gate-history.mp4", "type": "video", "title": "johnston_gate-history.mp4"}, {"html": "<p>Unlike some colleges, Harvard does not have a large sign declaring Harvard Yard. Instead, it trusts that it provides a welcoming environment to all who step through its gates. Nobel laureate and former Harvard professor Seamus Heaney said on the occasion of Harvard\u2019s 350th anniversary:</p>\n<p>\u201cBegin again where frosts and tests were hard. Find yourself or founder. Here, imagine<br />A spirit moves, John Harvard walks the yard,<br />The books stand open and the gates unbarred.\u201d</p>\n<p>This quote is also emblazoned on the folder that admitted students receive along with word of their acceptance.</p>", "type": "html"}], "fastfacts": [{"url": "http://184.106.203.158/drupal/sites/default/files/video/johnston_gate-facts_0.mp4", "type": "video", "title": "johnston_gate-facts.mp4"}, {"html": "<p>You may not see many students walking through Johnston Gate. An old saying holds that a Harvard student may pass through the gate only twice: once upon entrance to the University and once upon graduation. If a student walks through the gate at any other time, the myth continues, he or she will not graduate. We're not sure whether this is true, but take a look and see how many students you see walking through the main gate...</p>", "type": "html"}], "innovation": [{"html": "<p>As the official entrance to Harvard Yard, Johnston Gate welcomes all who step onto the Harvard campus. Similarly, Harvard University welcomes students from all backgrounds.</p>\n<ul><li>Harvard undergraduates come from all 50 states and from more than 80 countries; from public, private, and parochial schools; from every ethnic, religious, and economic background.</li>\n<li>70 percent of Harvard students receive some form of financial aid.</li>\n<li>The need-based financial aid policy meets 100 percent of a family's demonstrated need.</li>\n<li>Harvard\u2019s financial aid policies apply equally to international students and to U.S. citizens.</li>\n</ul><p>Harvard Admissions is now located at Agassiz Theatre in Radcliffe Yard.</p>", "type": "html"}]}}