{"subtitle": "Several prominent Harvard presidents called Loeb House home", "title": "Loeb House", "photo": "http://184.106.203.158/drupal/sites/default/files/photos/loeb_house-main.jpg", "lon": -71.115193963099998, "thumbnail": "http://184.106.203.158/drupal/sites/default/files/photos/loeb_house-thumb.jpg", "lat": 42.373371489199997, "id": "13", "lenses": {"info": [{"url": "http://184.106.203.158/drupal/sites/default/files/photos/loeb_house-main_0.jpg", "type": "photo", "title": ""}, {"html": "<p>Loeb House, which was home to several prominent University presidents, was built and donated to the University by Harvard President A. Lawrence Lowell, Class of 1877. The House stands on the site where three of Mr. Lowell's 19th century predecessors, President Cornelius Conway Felton, Class of 1827, AM 1830; President Thomas Hill, Class of 1843, AM 1846; D.Div. 1845, and President Charles William Eliot, Class of 1853, had lived. Two of Mr. Lowell's successors resided here at 17 Quincy Street: James B. Conant, Class of 1914, Ph.D. 1916, and Nathan M. Pusey, Class of 1928, AM 1932, Ph.D. 1937.</p>\n<p>During World War II, the Conants relinquished the house to the Navy for its V-12 Navy College Training Program. During that time, the House was operated much the same as a ship, with a 24-hour watch. When Derek Bok, J.D. 1954, became Harvard president in 1971, the Boks chose to live at Elmwood, a house off Brattle Street that had previously been the home of the deans of the Faculty of Arts and Sciences. Elmwood today continues to serve the same purpose, and has since been the home of Mr. Bok's successors. Since 1971, the building at 17 Quincy Street, Loeb House, has housed the offices of Harvard University's governing boards (the Corporation and the Overseers) and is regularly used by the two boards for hosting their meetings.</p>\n<p>\u00a0</p>", "type": "html"}], "insideout": [{"slides": [{"url": "http://184.106.203.158/drupal/sites/default/files/photos/loeb_house-entryway.jpg", "type": "photo", "title": "Merlin #183831 (entryway)"}, {"url": "http://184.106.203.158/drupal/sites/default/files/photos/loeb_house-fireplace.jpg", "type": "photo", "title": "Merlin #183827 (fireplace)"}, {"url": "http://184.106.203.158/drupal/sites/default/files/photos/loeb_house-curtains.jpg", "type": "photo", "title": "Merlin #183837 (curtains)"}], "type": "slideshow"}], "history": [{"url": "http://184.106.203.158/drupal/sites/default/files/video/loeb_house-history.mp4", "type": "video", "title": "loeb_house-history.mp4"}, {"html": "<p>When Harvard welcomed ROTC back to campus in March 2011, the agreement was celebrated in a ceremony at Loeb House. During World War II, Loeb House was the site of the V-12 Navy College Training Program, designed to supplement standard programs for new naval officers at 131 U.S. colleges and universities.</p>", "type": "html"}], "fastfacts": [{"url": "http://184.106.203.158/drupal/sites/default/files/photos/loeb_house-facts.jpg", "type": "photo", "title": ""}, {"html": "<p>Lamont Library, located close to Loeb House, was the first university library building in the United States specifically planned for undergraduates. Lamont was the idea of Keyes D. Metcalf, librarian of Harvard College and director of the Harvard University Library from 1937 to 1955. Metcalf actively participated in planning the building with the Boston architect Henry Shepley as early as 1938. At the end of World War II, through the generosity of the major donor, Thomas W. Lamont, Class of 1892, the Harvard undergraduate library became a reality. Lamont Library opened in January 1949. Today, you will find undergraduates here at all hours, as during the week the library is open 24 hours a day.</p>", "type": "html"}], "innovation": [{"url": "http://184.106.203.158/drupal/sites/default/files/photos/carpenter_center-main.jpg", "type": "photo", "title": ""}, {"html": "<p>Look across Qunicy Street to see the Carpenter Center for the Visual Arts, which is the only building in North America designed by Le Corbusier. The center is the home of the Visual and Environmental Studies program as well as the Harvard Film Archive, and offers contemporary art exhibitions. The Center's architecture stands out next to that of the older Fogg Museum of Art, part of the Harvard Art Museums, which is currently under renovation.</p>", "type": "html"}]}}