{"subtitle": "The Chapel was first site of the Medical School, c. 1744", "title": "Holden Chapel", "photo": "http://184.106.203.158/drupal/sites/default/files/photos/holden_chapel-main.jpg", "lon": -71.117953956099996, "thumbnail": "http://184.106.203.158/drupal/sites/default/files/photos/holden_chapel-thumb.jpg", "lat": 42.375230138600003, "id": "7", "lenses": {"info": [{"url": "http://184.106.203.158/drupal/sites/default/files/photos/holden_chapel-main_0.jpg", "type": "photo", "title": ""}, {"html": "<p>When built in 1744, Holden Chapel housed Harvard\u2019s services of daily prayer. Poor heating made it uncomfortable in the winter, and services were soon moved to Harvard Hall.</p>\n<p>Afterwards, Holden Chapel, with its tiered seating, found use as the dissection chamber for the new Harvard Medical School. Here, students learned about human anatomy from the inside out under Dr. John Warren, Class of 1771. Another notable Medical School faculty member was Dr. Benjamin Waterhouse, who introduced vaccinations to America. Only medical students were allowed to attend dissections, but seniors could watch dissections with permission from their parents.</p>\n<p>Although the Medical School moved to Boston in 1810, Holden Chapel continued to house anatomy classes. For many years, students considered it a rite of passage to sneak into Holden\u2019s Medical Museum and steal bones to decorate their rooms. Later, Holden became home to a student-run fire brigade. After students pumped water into the rooms of disliked professors, the fire brigade was shut down.</p>\n<p>Currently, Holden\u2019s unique interior is home to the Holden Choirs, which include the oldest glee club in the country, as well as practice space for many student organizations.</p>", "type": "html"}], "insideout": [{"slides": [{"url": "http://184.106.203.158/drupal/sites/default/files/photos/holden_chapel-large-room.jpg", "type": "photo", "title": "Merlin #183805 (large room)"}, {"url": "http://184.106.203.158/drupal/sites/default/files/photos/holden_chapel-glee-club.jpg", "type": "photo", "title": "Merlin #4870 (glee club)"}], "type": "slideshow"}], "history": [{"slides": [{"url": "http://184.106.203.158/drupal/sites/default/files/photos/holden_chapel-blueprints.jpg", "type": "photo", "title": "holden-chapel-history-blueprint.jpg"}, {"url": "http://184.106.203.158/drupal/sites/default/files/photos/holden_chapel-remains.jpg", "type": "photo", "title": "Merlin #4584 (human remains)"}, {"url": "http://184.106.203.158/drupal/sites/default/files/photos/holden_chapel-rotc.jpg", "type": "photo", "title": "Merlin #180297 (ROTC guarding)"}], "type": "slideshow"}], "innovation": [{"html": "<p>Harvard Medical School has expanded from its original two students to an enrollment of nearly 800 in Boston's Longwood district. Since its inception, Harvard Medical School has been at the forefront of medical practice. With 17 affiliated hospitals and research institutes, its cutting-edge research leads the way in fields ranging from stem cells and genetics to health care policy and global health. Harvard Medical School serves society by training physicians and scientists, and by making discoveries and translating them into prevention and care.</p>", "type": "html"}]}}