{"subtitle": "Home to student groups for social justice, c. 1904", "title": "Phillips Brooks House", "photo": "http://184.106.203.158/drupal/sites/default/files/photos/phillips_brooks_house-main.jpg", "lon": -71.117919000000001, "thumbnail": "http://184.106.203.158/drupal/sites/default/files/photos/phillips_brooks_house-thumb.jpg", "lat": 42.375605999999998, "id": "8", "lenses": {"info": [{"url": "http://184.106.203.158/drupal/sites/default/files/photos/phillips_brooks_house-main_0.jpg", "type": "photo", "title": ""}, {"html": "<p>Although within Harvard Yard, Phillips Brooks House has a mission to reach beyond the University's walls. It is named for Phillips Brooks, Class of 1855 and a beloved preacher both at the University and at Trinity Church, Boston, where he is commemorated with a statue.</p>\n<p>After Brooks\u2019 death in 1893, his fellow classmates, led by Edwin Hale Abbot, Class of 1855, A.M. 1858, sought to memorialize him by creating a public service organization. In 1904, their effort led to the Phillips Brooks House, home to a secular, student-run society dedicated to social justice. Inspired by its international outreach programs, Harvard alumnus and United States President John F. Kennedy, Class of 1940, used Phillips Brooks House as the model for the Peace Corps, America\u2019s international service organization.</p>\n<p>Today, the Phillips Brooks House \u2013 as the Phillips Brooks House Association (PBHA) \u2013 oversees 86 projects and has a membership of more than 1,400 students. PBHA initiatives range from tutoring underprivileged students in Boston and Cambridge to managing the only student-run homeless shelter in the nation. Joining PBHA in mission and location in the Phillips Brooks House is the Harvard Public Service Network, a group of 50 student organizations dedicated to the wider community, both in America and abroad.</p>", "type": "html"}], "insideout": [{"slides": [{"url": "http://184.106.203.158/drupal/sites/default/files/photos/phillips_brooks_house-faust-students.jpg", "type": "photo", "title": "Merlin #75193 (Faust &amp; students)"}, {"url": "http://184.106.203.158/drupal/sites/default/files/photos/phillips_brooks_house-stairwell.jpg", "type": "photo", "title": "Merlin #183863 (stairwell)"}, {"url": "http://184.106.203.158/drupal/sites/default/files/photos/phillips_brooks_house-common.jpg", "type": "photo", "title": "Merlin #183849 (common)"}], "type": "slideshow"}], "history": [{"url": "http://184.106.203.158/drupal/sites/default/files/video/phillips_brooks_house-history.mp4", "type": "video", "title": "phillips-brooks-history.mp4"}, {"html": "<p>In 1886, Phillips Brooks, who later became the Episcopal bishop of Massachusetts, was invited to speak at Harvard's 250th anniversary celebration, where he said:<br />\u201cScience and religion, faith and reason, individuality and society, conservatism and radicalism, poverty and wealth, the past and future - these must join hands and walk in peace with one another in a city of scholars, where ... the essential unity of all good things shall be made manifest and clear.\u201d</p>", "type": "html"}], "fastfacts": [{"url": "http://184.106.203.158/drupal/sites/default/files/photos/phillips_brooks_house-students-drywall.jpg", "type": "photo", "title": ""}, {"html": "<p>For some Harvard students, Alternative Spring Break is a working vacation. For the past three years, more than 135 Harvard students associated with the PBHA have fanned out during one week in March to partner with nonprofit organizations in communities from the Northeast to the Deep South to Latin America. They work to rebuild churches in Alabama, build homes for people who need them in North Carolina and Guatemala, deliver meals to people living with HIV/AIDS in New York, support mobile medical clinics in New Orleans and teach school children in Washington, D.C. During these trips, the students work closely with local community organizations and as they contribute their time, they learn about the pressing social issues affecting the host communities.</p>", "type": "html"}], "innovation": [{"url": "http://184.106.203.158/drupal/sites/default/files/video/phillips_brooks_house-innovation.mp4", "type": "video", "title": "phillips_brooks_house-innovation.mp4"}]}}