{"subtitle": "A plaque denotes the school established for Native American students", "title": "Indian College", "photo": "http://184.106.203.158/drupal/sites/default/files/photos/indian_college-main.jpg", "lon": -71.118111999999996, "thumbnail": "http://184.106.203.158/drupal/sites/default/files/photos/indian_college-thumb.jpg", "lat": 42.373905000000001, "id": "1", "lenses": {"info": [{"url": "http://184.106.203.158/drupal/sites/default/files/photos/indian_college-main_0.jpg", "type": "photo", "title": ""}, {"html": "<p>In 2009, archaeology students digging near the grassy area adjacent to Matthews Hall uncovered traces of a brick wall five feet below the surface. When two pieces of printing type were also found, the University announced that the site of the Indian College had been unearthed.</p>\n<p>The slate plaque on the side of Matthews Hall marks the location of Harvard\u2019s Indian College, established in 1650. Henry Dunster, the first president of the University, hoped it would become \u201cthe Indian Oxford as well as the New English Cambridge.\u201d The Indian College formally began in 1655 with space for 20 Native American students. One student graduated, Caleb Cheeshahteaumuck; the others left in response to conflict or disease. The building also housed the first printing press in British Colonial America.</p>\n<p>Today, the Harvard University Native American Program cultivates the University's link to the Indian College, and in recent years has brought more Native American students to the University than at any time since the 17th century.</p>", "type": "html"}], "history": [{"url": "http://184.106.203.158/drupal/sites/default/files/video/indian_college-history.mp4", "type": "video", "title": "indian_college-history.mp4"}], "fastfacts": [{"url": "http://184.106.203.158/drupal/sites/default/files/photos/indian_college-digging-veritas.jpg", "type": "photo", "title": ""}], "innovation": [{"html": "<p>The first printing press housed at the Indian College produced British Colonial America\u2019s first Bible (in native Algonquin) well as the work of the continent\u2019s first published poet, Anne Dudley Bradstreet.</p>", "type": "html"}]}}