{"subtitle": "This was the site of Harvard&#039;s 300th anniversary celebration in 1936", "title": "Tercentenary Theatre", "photo": "http://184.106.203.158/drupal/sites/default/files/photos/tercentenary_theatre-main.jpg", "lon": -71.115939617199999, "thumbnail": "http://184.106.203.158/drupal/sites/default/files/photos/tercentenary_theatre-thumb.jpg", "lat": 42.373849036599999, "id": "14", "lenses": {"info": [{"url": "http://184.106.203.158/drupal/sites/default/files/photos/tercentenary_theatre-main_0.jpg", "type": "photo", "title": ""}, {"html": "<p>The eastern half of Harvard Yard's outdoor space has been named Tercentenary Theatre since 1936, when it was the site of Harvard's tercentenary, or 300th, anniversary celebrations. Battling pouring rain, the three-day celebration took place on the steps of the Memorial Church, its headline speaker President Franklin Delano Roosevelt, Class of 1904.</p>\n<p>Since then, Tercentenary Theatre has served as the site of Harvard's most important ceremonies, including the inauguration of its presidents, special convocations, and Commencement. Commencement is the only time that the entire University assembles together, and more than 32,000 guests are willing to be packed tightly into this space to share the experience.</p>\n<p>Many Commencement traditions date back to the original ceremony in 1642. Harvard has retained a Latin oration and the call to order, the latter delivered by the sheriff of Middlesex County. Every one of the University's Schools is graduated together here in Tercentenary Theatre, and after Commencement, individual diplomas are awarded at smaller ceremonies at the Houses and graduate Schools.</p>", "type": "html"}], "insideout": [{"slides": [{"url": "http://184.106.203.158/drupal/sites/default/files/photos/tercentenary_theatre-convocation.jpg", "type": "photo", "title": "Merlin #153431 (Freshman conv.)"}, {"url": "http://184.106.203.158/drupal/sites/default/files/photos/tercentenary_theatre-banners.jpg", "type": "photo", "title": "Merlin #142531 (banners)"}], "type": "slideshow"}], "history": [{"url": "http://184.106.203.158/drupal/sites/default/files/video/tercentenary_theatre-history.mp4", "type": "video", "title": "tercentenary_theatre-history.mp4"}], "fastfacts": [{"url": "http://184.106.203.158/drupal/sites/default/files/video/tercentenary_theatre-facts.mp4", "type": "video", "title": "tercentenary_theatre-facts.mp4"}], "innovation": [{"url": "http://184.106.203.158/drupal/sites/default/files/photos/tercentenary_theatre-gore.jpg", "type": "photo", "title": "Al Gore speaking at Tercentenary Theatre"}, {"html": "<p>The Harvard soils project of 2008 bloomed into an organic landscaping operation that now manages more than 80 acres of Harvard green space organically, including the entire Harvard Yard. Deeper roots in healthier soil retain moisture better, and water consumption on the organic plots has dropped to half that of Harvard's conventionally landscaped plots. Less watering in Harvard Yard saves more than 2 million gallons of water per year.</p>", "type": "html"}]}}