{"subtitle": "Built by President Lowell to remember Harvard&#039;s war dead, c. 1932", "title": "Memorial Church", "photo": "http://184.106.203.158/drupal/sites/default/files/photos/memorial_church-main_0.jpg", "lon": -71.116451919100001, "thumbnail": "http://184.106.203.158/drupal/sites/default/files/photos/memorial_church-thumb.jpg", "lat": 42.375141962999997, "id": "11", "lenses": {"info": [{"url": "http://184.106.203.158/drupal/sites/default/files/photos/memorial_church-main_1.jpg", "type": "photo", "title": ""}, {"html": "<p>After 250 years, mandatory daily chapel attendance was made voluntary in 1886, prompting Rev. Phillips Brooks to express concern that Harvard might become godless. Yet religion was still important to many students, and Appleton Chapel, built to seat 700, continued to turn students away for lack of space. In the 20th century, President Abbott Lawrence Lowell, Class of 1877; J.D. 1880, was determined to build a new church, not only for the sake of current students, but also in memory of Harvard\u2019s war dead.</p>\n<p>In World War I, 60 percent of Harvard\u2019s student body entered the armed services. Forty-three students died in the line of duty in addition to 330 alumni and faculty and three Radcliffe graduates. Memorials have since been added to Harvardians who served in WWII, Korea and in Vietnam.</p>", "type": "html"}], "insideout": [{"slides": [{"url": "http://184.106.203.158/drupal/sites/default/files/photos/memorial_church-faust-stairs.jpg", "type": "photo", "title": "Merlin #95816 (Faust on stairs)"}, {"url": "http://184.106.203.158/drupal/sites/default/files/photos/memorial_church-carved-doors.jpg", "type": "photo", "title": "Merlin #167951 (carved doors)"}, {"url": "http://184.106.203.158/drupal/sites/default/files/photos/memorial_church-ceiling-altar.jpg", "type": "photo", "title": "Merlin #173369 (ceiling/alter)"}, {"url": "http://184.106.203.158/drupal/sites/default/files/photos/memorial_church-war-vets-statue.jpg", "type": "photo", "title": "Merlin #112081 (war vets statue)"}], "type": "slideshow"}], "fastfacts": [{"url": "http://184.106.203.158/drupal/sites/default/files/video/memorial_church-facts.mp4", "type": "video", "title": "memorial_church-facts.mp4"}, {"html": "<p>Among the students who died in the line of duty during WWI was Lionel de Jersey Harvard, Class of 1915, the only relative of John Harvard to attend the University. Similar to efforts after the Civil War, Harvard sought a way to honor its brave men and women, and in 1926, Dean Le Baron Russell Briggs, Class of 1875; A.M. 1882, suggested a solution:<br />\u201cThe University ... would make their memorial a church - a church controlled by no sect; a church in which the purest and highest life of the University shall find expression; a church in which the names and the records of these Harvard soldiers may be to all who enter it a memory constant and ennobling.\u201d</p>", "type": "html"}], "history": [{"url": "http://184.106.203.158/drupal/sites/default/files/video/memorial_church-history.mp4", "type": "video", "title": "memorial_church-history.mp4"}]}}