{"subtitle": "Site of the nation&#039;s first physics lab, c. in 1766", "title": "Harvard Hall", "photo": "http://184.106.203.158/drupal/sites/default/files/photos/harvard_hall-approach.jpg", "lon": -71.118007600300004, "thumbnail": "http://184.106.203.158/drupal/sites/default/files/photos/harvard_hall-thumb.jpg", "lat": 42.374690184899997, "id": "4", "lenses": {"info": [{"url": "http://184.106.203.158/drupal/sites/default/files/photos/harvard_hall-main.jpg", "type": "photo", "title": ""}, {"html": "<p>Harvard Hall is the second building on this spot to bear that name. The first was built in 1677, but burned down in the great fire of 1764. During the its construction, British merchant Thomas Hollis took notice of the school and became its second great patron.</p>\n<p>Among his gifts to the University were books for the Harvard Hall Library and enough laboratory equipment to establish the first physics lab in the nation. In addition, two Egyptian mummies also found a home in the Hall, and were often the unwilling participants of student pranks.</p>\n<p>In 1766, the General Court of Massachusetts funded the rebuilding of the structure into the Harvard Hall you see now. Today, Harvard Hall holds many classrooms and lecture halls used daily for classes ranging from literature to economics to Latin.</p>", "type": "html"}], "insideout": [{"slides": [{"url": "http://184.106.203.158/drupal/sites/default/files/photos/harvard_hall-foyer.jpg", "type": "photo", "title": "Merlin #183657 (foyer)"}, {"url": "http://184.106.203.158/drupal/sites/default/files/photos/harvard_hall-upstairs.jpg", "type": "photo", "title": "Merlin #183659 (upstairs)"}], "type": "slideshow"}], "fastfacts": [{"url": "http://184.106.203.158/drupal/sites/default/files/photos/harvard_hall-facts.jpg", "type": "photo", "title": ""}, {"html": "<p>Harvard Hall once possessed a bell that rang at 6:20 every morning. Nicknamed the \u201chell-banger,\u201d generations of students attempted to quiet it. For 50 years, starting in 1858, custodian Austin Kingsley Jones was responsible for ringing the bell. Affectionately known as \u201cOld Jones,\u201d he managed to outwit students every time the bell was in danger. Once, when the hallway to the bell was blocked, he cut a hole in the ceiling to sound it on time. The bell continued to ring until 1933, when, in one of his first acts as University president, James Conant, Class of 1914; Ph.D. 1916, ordered it silenced. Students are now awakened by the 8:40 bell of the Memorial Church. With their extra two hours and 20 minutes of sleep, students are finally able to catch up on well-deserved rest.</p>", "type": "html"}], "history": [{"url": "http://184.106.203.158/drupal/sites/default/files/photos/harvard_hall-history.jpg", "type": "photo", "title": "The Burgis 1726 prospect of Harvard"}]}}