{"subtitle": "Most Harvard freshmen live in the dorms in Harvard Yard", "title": "Freshman Dorms", "photo": "http://184.106.203.158/drupal/sites/default/files/photos/freshman_dorms-main.jpg", "lon": -71.117553999999998, "thumbnail": "http://184.106.203.158/drupal/sites/default/files/photos/freshman_dorms-thumb.jpg", "lat": 42.375070999999998, "id": "6", "lenses": {"info": [{"url": "http://184.106.203.158/drupal/sites/default/files/photos/freshman_dorms-main_0.jpg", "type": "photo", "title": ""}, {"html": "<p>Over the past 200 years, these red brick structures have served as dormitories. Hollis Hall, Stoughton Hall, and Holworthy Hall, as well as Thayer Hall directly opposite them, are among the 17 freshman dormitories, which house more than 1,600 students in total. Thirteen of these dormitories, housing about 80 percent of the freshman class, are found in Harvard Yard itself.</p>\n<p>Today, when students arrive at Harvard, they are placed into a dorm in or near Harvard Yard. During their second term, they are randomly assigned to one of the 12 Houses, either as an individual or in a group of friends known as a \u201cblocking group.\u201d Each House features a dining hall, exercise rooms, art studios, musical practice rooms, and libraries. House masters oversee the atmosphere of the House and make sure students feel welcome, while a staff of residential tutors provides assistance in academic matters. For many students and alumni, House life becomes a treasured memory of time spent at Harvard.</p>", "type": "html"}], "insideout": [{"slides": [{"url": "http://184.106.203.158/drupal/sites/default/files/photos/freshman_dorms-insideout-1.jpg", "type": "photo", "title": "freshman_dorms-insideout-1"}, {"url": "http://184.106.203.158/drupal/sites/default/files/photos/freshman_dorms-insideout-2.jpg", "type": "photo", "title": "freshman_dorms-insideout-2"}], "type": "slideshow"}], "fastfacts": [{"url": "http://184.106.203.158/drupal/sites/default/files/video/freshman_dorms-facts.mp4", "type": "video", "title": ""}, {"html": "<p>Until the late 19th century, dorms lacked indoor plumbing, and Harvard students used pumps like this one to get water for bathing and drinking. The original pump that stood on this site was destroyed in a prank, but was rebuilt on the occasion of Harvard's 350th celebration as a symbol of Harvard's past.</p>", "type": "html"}], "innovation": [{"html": "<p>In 1928, Edward Harkness, a Yale alumnus, proposed a system of upperclassman houses similar to Princeton's. Thus, with Yale money, a Princeton idea was put into place at Harvard.</p>\n<p>The first residential House, Dunster House, opened in 1930. Today, the each of the Houses holds approximately 400 upperclassman. The Dudley Co-op and the De Wolfe Apartments complete the residential spectrum at Harvard.</p>", "type": "html"}]}}