{"subtitle": "The only wooden building in Harvard Yard, c. 1727", "title": "Wadsworth House", "photo": "http://184.106.203.158/drupal/sites/default/files/photos/wadsworth_house-approach.jpg", "lon": -71.118127999999999, "thumbnail": "http://184.106.203.158/drupal/sites/default/files/photos/wadsworth_house-thumb.jpg", "lat": 42.373294000000001, "id": "0", "lenses": {"info": [{"url": "http://184.106.203.158/drupal/sites/default/files/photos/wadsworth_house-main.jpg", "type": "photo", "title": ""}, {"html": "<p>Wadsworth House is an architectural landmark, the second-oldest building still standing at Harvard and the only remaining wooden structure in the Yard. Like many buildings in the Yard, its use has changed over time. The building served as the University president\u2019s house from 1726 through 1849, housing President Benjamin Wadsworth, Class of 1690; A.M. 1693, through President Edward Everett, Class of 1811. When it was no longer home to presidents, Wadsworth was used as a boardinghouse for students and professors. Administrative offices and a printing press were added later, and a study for use by preachers was created.</p>\n<p>Today, Wadsworth houses University offices such as the Commencement Office and the Office of the University Marshal, who is responsible for welcoming dignitaries to the University. Despite occasional rumblings from the subway line beneath its foundations, Wadsworth House continues to serve as an enduring link to Harvard\u2019s past.</p>", "type": "html"}], "insideout": [{"slides": [{"url": "http://184.106.203.158/drupal/sites/default/files/photos/wadsworth_house-washington.jpg", "type": "photo", "title": "Merlin #183865 (Washington)"}, {"url": "http://184.106.203.158/drupal/sites/default/files/photos/wadsworth_house-hallway.jpg", "type": "photo", "title": "Merlin #183867 (hallway)"}], "type": "slideshow"}], "fastfacts": [{"url": "http://184.106.203.158/drupal/sites/default/files/photos/wadsworth_house-grazing.jpg", "type": "photo", "title": ""}, {"html": "<p>Early in Cambridge's history, most of Harvard Yard was a grazing space. In Harvard lore, it is often said that university professorships have provided for grazing rights upon acceptance of the position. In 2009, claiming this \u201cright\u201d, outgoing Hollis Professor of Divinity Harvey Cox exercised his right to have an animal graze in the Yard, and brought a cow to his retirement party.</p>", "type": "html"}], "history": [{"url": "http://184.106.203.158/drupal/sites/default/files/photos/wadsworth_house-sideview-history.jpg", "type": "photo", "title": ""}, {"html": "<p>On Massachusetts Avenue (near where the carriage appears in the picture), glance down to notice the brass markers labeled \u201cGoffe\u201d and \u201cEaton\u201d found in the pavement. These plaques commemorate the College's first and second buildings: Peyntree House and Goffe College. Nathaniel Eaton, the first House master of the College, lived in Peyntree House. A further explanation is revealed on Wadsworth Gate.</p>", "type": "html"}]}}