{"subtitle": "Sever, Robinson, and Emerson Hall are home to humanities and social sciences", "title": "Sever Hall Quad", "photo": "http://184.106.203.158/drupal/sites/default/files/photos/sever_hall_quad-main.jpg", "lon": -71.115152388799999, "thumbnail": "http://184.106.203.158/drupal/sites/default/files/photos/sever_hall_quad-thumb.jpg", "lat": 42.374305774600003, "id": "12", "lenses": {"info": [{"url": "http://184.106.203.158/drupal/sites/default/files/photos/sever_hall_quad-main_0.jpg", "type": "photo", "title": ""}, {"html": "<p>These three buildings \u2013 Robinson Hall, Sever Hall, and Emerson Hall \u2013 form Sever Quad and are home to humanities and social sciences at Harvard.</p>\n<p>\u201cArchitecture\u201d is written on the side of Robinson Hall; this inscription dates from 1904 when Nelson Robinson Jr. Hall was home to the departments of architecture and landscape architecture. Those programs now make up part of the Graduate School of Design located nearby, in Gund Hall. Currently, Robinson Hall is home to the History Department.</p>\n<p>Across from Robinson is Emerson Hall, named for philosopher Ralph Waldo Emerson, Class of 1821. Here, philosophers George Santayana, Class of 1886, and Josiah Royce lectured on the complexities of life, while William James, M.D. 1864, the founder of psychology, conducted experiments in his laboratory. This multidisciplinary approach to scholarship has come to characterize Harvard.</p>", "type": "html"}], "insideout": [{"slides": [{"url": "http://184.106.203.158/drupal/sites/default/files/photos/sever_hall_quad-stairway.jpg", "type": "photo", "title": "Merlin #118797 (stairway)"}, {"url": "http://184.106.203.158/drupal/sites/default/files/photos/sever_hall_quad-5th-floor.jpg", "type": "photo", "title": "Merlin #24908 (renovated 5th floor)"}, {"url": "http://184.106.203.158/drupal/sites/default/files/photos/sever_hall_quad-entry.jpg", "type": "photo", "title": "Merlin #183813 (entryway)"}], "type": "slideshow"}], "history": [{"url": "http://184.106.203.158/drupal/sites/default/files/video/sever_hall_quad-history.mp4", "type": "video", "title": "sever_hall_quad-history.mp4"}, {"html": "<p>President Charles William Eliot, Class of 1853, promoted diversity in design, and no building demonstrates that principle as well as Sever Hall. It is made up of more than 1.3 million bricks of 60 different types. The decorative panels were carved by the bricklayers themselves, and include images of owls, griffins, and elephants. Joseph Hudnut, Class of 1909, dean of the Graduate School of Design:<br />\u201cSever Hall is the most American of our buildings - and our most important one ... a turning point in the course of American architecture.\u201d</p>", "type": "html"}], "fastfacts": [{"url": "http://184.106.203.158/drupal/sites/default/files/video/sever_hall_quad-facts.mp4", "type": "video", "title": "sever_hall_quad-facts.mp4"}], "innovation": [{"url": "http://184.106.203.158/drupal/sites/default/files/video/sever_hall_quad-innovation.mp4", "type": "video", "title": "sever_hall_quad-innovation.mp4"}]}}